# 집계와 서브쿼리

### 행 개수 구하기 - COUNT

1. COUNT로 행 개수 구하기

   - **COUNT** 함수는 인수로 주어진 집합의 **개수**를 구해 반환한다.

   ```sql
   SELECT COUNT(*) FROM sample51;
   +----------+
   | COUNT(*) |
   +----------+
   |        5 |
   +----------+
   1 row in set (0.00 sec)
   ```

   sample51에는 전부 다섯 개의 행이 있으며 COUNT의 결괏값도 5이다.

2. 집계함수와 NULL값

   - COUNT의 인수로 열명(칼럼)을 지정할 수 있다. 열명(칼럼)을 지정하면 그 열에 한해서 행의 개수를 구할 수 있다.
   - 집계함수는 집합 안에 NULL 값이 있을 경우 이를 제외하고 처리한다.
   - 하지만 COUNT(*)의 경우 모든 열의 행수를 카운트하기 때문에 NULL 값이 있어도 해당 정보가 무시되지 않는다.

3. DISTINCT로 중복 제거

   - SELECT 구에서 **DISTINCT**를 지정하면 **중복된 데이터를 제거**할 수 있다.

4. 집계함수에서 DISTINCT

   - 중복을 제거한 뒤 개수 구하기: COUNT()의 인수로 DISTINCT를 사용한 수식을 지정한다.

   ```sql
   SELECT * FROM sample51;
   +------+------+----------+
   | no   | name | quantity |
   +------+------+----------+
   |    1 | A    |        1 |
   |    2 | A    |        2 |
   |    3 | B    |       10 |
   |    4 | C    |        3 |
   |    5 | NULL |     NULL |
   +------+------+----------+
   5 rows in set (0.00 sec)
   
   SELECT COUNT(ALL name), COUNT(DISTINCT name) FROM sample51;
   +-----------------+----------------------+
   | COUNT(ALL name) | COUNT(DISTINCT name) |
   +-----------------+----------------------+
   |               4 |                    3 |
   +-----------------+----------------------+
   1 row in set (0.00 sec)
   ```

### COUNT 이외의 집계함수

1. **SUM**으로 **합계** 구하기

   ```sql
   SELECT SUM(칼럼) FROM 테이블명;
   ```

   - SUM 집계함수에 지정되는 집합은 수치형 뿐이다.
   - SUM 집계함수도 COUNT와 마찬가지로 NULL 값을 무시한다. NULL 값을 제거한 뒤에 합계를 낸다.

2. **AVG**로 **평균** 구하기

   ```sql
   SELECT AVG(칼럼) FROM 테이블명;
   ```

   - AVG 집계함수에 지정되는 집합은 수치형 뿐이다.
   - AVG 집계함수도 NULL 값을 무시한다. 만약 NULL을 0으로 간주해서 평균을 내고 싶다면 CASE를 사용해 NULL을 0으로 변환해서 AVG 함수로 계산하면 된다.

3. MIN, MAX 로 **최솟값**, **최댓값** 구하기

   ```sql
   SELECT MIN(칼럼), MAX(칼럼) FROM 테이블명;
   ```

   - **MIN과 MAX**는 수치형 뿐만 아니라 **문자열형과 날짜시간형에도 사용할 수 있다.**

     ```sql
     SELECT MIN(quantity), MAX(quantity) FROM sample51;
     +---------------+---------------+
     | MIN(quantity) | MAX(quantity) |
     +---------------+---------------+
     |             1 |            10 |
     +---------------+---------------+
     1 row in set (0.00 sec)
     
     SELECT MIN(name), MAX(name) FROM sample51;
     +-----------+-----------+
     | MIN(name) | MAX(name) |
     +-----------+-----------+
     | A         | C         |
     +-----------+-----------+
     1 row in set (0.00 sec)
     ```

### 그룹화 - GROUP BY

1. GROUP BY로 그룹화

   - 그룹으로 나눌 때에는 **GROUP BY**를 사용한다. 이때 GROUP BY 구에는 그룹화할 열을 지정한다.

     ```sql
     SELECT 칼럼 FROM 테이블명 GROUP BY 칼럼;
     ```

   - GROUP BY 구를 지정하는 경우 집계함수와 사용하는 경우가 많다.

2. HAVING 구로 조건 지정

   - 집계함수(ex. COUNT)는 WHERE 구의 조건식에 사용할 수 없다.
   - 즉, WHERE 구로 행을 검색하는 처리가 GROUP BY로 그룹화하는 처리보다 순서상 앞서기 때문이다.
   - 집계한 결과에서 조건에 맞는 값을 따로 걸러내기 위해서는 **HAVING**을 사용하면 된다.
   - HAVING 구는 GROUP BY 구의 뒤에 기술하며 WHERE 구와 동일하게 조건식을 지정할 수 있다.
   - 내부처리 순서: WHERE 구 -> GROUP BY 구 -> HAVING 구 -> SELECT 구 -> ORDER BY 구

3. 복수열의 그룹화

   - GROUP BY에서 지정한 열 이외의 열은 집계함수를 사용하지 않는 채 SELECT 구에 지정할 수 없다.
   - 왜냐하면 그룹마다 하나의 값만을 반환해야 하는데 어느 것을 반환하면 좋을지 모르기 때문에 에러가 발생한다.

4. 결괏값 정렬

   - GROUP BY 구로 그룹화한 경우에도 ORDER BY 구를 사용해 정렬할 수 있다.
   - 결괏값을 순서대로 정렬해야 한다면 ORDER BY 구를 지정하면 된다.

### 서브쿼리

서브쿼리는 SQL문 안에 하부 SELECT 명령으로 괄호로 묶어 지정한다. 특히 서브쿼리는 WHERE 구에서 주로 사용된다.

- 스칼라 값

  ```sql
  # 서브쿼리의 일반적인 네 가지 패턴
  
  # 1.하나의 값을 반환하는 패턴
  mysql> SELECT MIN(a) FROM sample54;
  +--------+
  | MIN(a) |
  +--------+
  |     20 |
  +--------+
  1 row in set (0.00 sec)
  
  # 2. 복수의 행이 반환되지만 열은 하나인 패턴
  mysql> SELECT no FROM sample54;
  +------+
  | no   |
  +------+
  |    1 |
  |    2 |
  |    3 |
  |    4 |
  +------+
  4 rows in set (0.00 sec)
  
  # 3. 하나의 행이 반환되지만 열이 복수인 패턴
  mysql> SELECT MIN(a), MAX(no) FROM sample54;
  +--------+---------+
  | MIN(a) | MAX(no) |
  +--------+---------+
  |     20 |       4 |
  +--------+---------+
  
  # 4. 복수의 행, 복수의 열이 반환되는 패턴
  mysql> SELECT no, a FROM sample54;
  +------+------+
  | no   | a    |
  +------+------+
  |    1 |  100 |
  |    2 |  900 |
  |    3 |   20 |
  |    4 |   80 |
  +------+------+
  4 rows in set (0.00 sec)
  ```

  이때 위의 패턴에서 1번은 다른 패턴과 다르다. 이는 다른 패턴과 달리 하나의 값을 반환하기 때문이다.

  SELECT 명령이 하나의 값만 반환하는 것을 **스칼라 값을 반환한다**고 한다.

  스칼라 값을 반환하는 서브쿼리는 WHERE 구에서 = 연산자로 비교할 수 있다.

### 상관 서브쿼리

1. EXISTS

   - 서브쿼리를 사용해 검색할 때 EXISTS 술어를 사용하여 '데이터가 존재하는지 아닌지' 판별하는 조건을 지정할 수 있다.

   ```sql
   mysql> SELECT * FROM sample551;
   +------+------+
   | no   | a    |
   +------+------+
   |    1 | NULL |
   |    2 | NULL |
   |    3 | NULL |
   |    4 | NULL |
   |    5 | NULL |
   +------+------+
   5 rows in set (0.00 sec)
   
   mysql> SELECT * FROM sample552;
   +------+
   | no2  |
   +------+
   |    3 |
   |    5 |
   +------+
   2 rows in set (0.00 sec)
   ```

   sample551 테이블의 no 열의 값과 같은 값이 sample552 테이블의 no2열에 있다면 sample551 테이블의 a의 값을 '있음'으로 변경하고, 일치하는 값이 없다면 '없음'으로 변경하려고 한다.

   여기서 단순하게 WHERE 구에 no = 1처럼 지정하는 방식으로는 처리할 수 없다. 서브쿼리를 사용해 sample552에 행이 있는지부터 조사해야 한다. 

   이때, EXISTS를 사용하면 조건에 맞는 행을 갱신할 수 있다.

   ```sql
   mysql> UPDATE sample551 SET a ='있음' WHERE
       -> EXISTS (SELECT * FROM sample552 WHERE no2 = no);
   Query OK, 2 rows affected (0.01 sec)
   Rows matched: 2  Changed: 2  Warnings: 0
   
   mysql> SELECT * FROM sample551;
   +------+------+
   | no   | a    |
   +------+------+
   |    1 | NULL |
   |    2 | NULL |
   |    3 | 있음  |
   |    4 | NULL |
   |    5 | 있음  |
   +------+------+
   5 rows in set (0.00 sec)
   ```

   위의 결과와 같이 존재하는 값에 대해서 sample551 테이블의 행이 정상적으로 업데이트 되는 것을 확인할 수 있다.

   **EXISTS** 술어에 서브쿼리를 지정하면 서브쿼리가 행을 반환하는 경우에 참을 돌려준다. 결과가 한 줄이라도 존재하면 참을, 반환되는 행이 없다면 거짓을 반환한다.

   

2. NOT EXISTS

   '없음'의 경우, 행이 존재하지 않는 상태가 참이 되므로 이때는 **NOT EXISTS**를 사용한다.

   ```sql
   mysql> UPDATE sample551 SET a ='없음' WHERE
       -> NOT EXISTS (SELECT * FROM sample552 WHERE no2 = no);
   Query OK, 3 rows affected (0.00 sec)
   Rows matched: 3  Changed: 3  Warnings: 0
   
   mysql> SELECT * FROM sample551;
   +------+------+
   | no   | a    |
   +------+------+
   |    1 | 없음 |
   |    2 | 없음 |
   |    3 | 있음 |
   |    4 | 없음 |
   |    5 | 있음 |
   +------+------+
   5 rows in set (0.00 sec)
   ```

   

3. 상관 서브쿼리

   ```sql
   UPDATE sample551 SET a ='있음' WHERE
   EXISTS (SELECT * FROM sample552 WHERE no2 = no);
   ```

   위의 쿼리에서 괄호로 묶은 부분이 서브쿼리(자식)가 된다.

   자식인 서브쿼리에서는 sample552 테이블의 no2 열의 값이 부모의 no 열의 값과 일치하는 행을 검색한다.

   이처럼 부모 명령과 자식인 서브쿼리가 특정 관계를 맺는 것을 **상관 서브쿼리**라고 한다.

   ```sql
   DELETE FROM sample54
   WHERE a = (SELECT MIN(a) FROM sample54);
   
   mysql> SELECT MIN(a) FROM sample54;
   +--------+
   | MIN(a) |
   +--------+
   |     20 |
   +--------+
   1 row in set (0.00 sec)
   ```

   상관 서브쿼리가 아닌 단순한 서브쿼리는 단독 쿼리로 실행할 수 있다.

   ```sql
   mysql> SELECT * FROM sample552 WHERE no2 = no;
   ERROR 1054 (42S22): Unknown column 'no' in 'where clause'
   ```

   하지만 상관 서브쿼리는 부모 명령과 연관되어 있기 때문에 서브쿼리 부분만 따로 때어내서 실행하면 에러가 발생한다.

   #### 테이블명 붙이기

   - 서브쿼리의 WHERE 구의 조건이 같은 이름의 열을 가르킨다면 어떻게 될까? 
   - 예를들어 위의 Update 쿼리에서 'WHERE no = no'와 같이 지정한다면 제대로 동작할까?
   - 특정 데이터베이스에서는 동작이 가능하도록 지원하지만 대부분은 열이 애매하다는 에러를 발생한다.
   - 이때 각 열이 어느 테이블의 열인지 명시적으로 나타내기 위해 열 명(칼럼) 앞에 '테이블명.'을 붙이면 된다.
   - 예를 들면 no 열이 sample551의 것이라면 'sample551.no'라고 지정한다.

   

4. IN

   - 스칼라 값끼지 비교할 때는 = 연산자를 사용한다. 하지만 집합을 비교할 때는 사용할 수 없다.

   - **IN**을 사용하면 집합 안에 값이 존재하는지를 조사할 수 있다.

   - sample552 테이블의 no2 열에는 3과 5라는 값이 존재한다. 서브쿼리를 사용하지 않고 '3 또는 5'인 조건식을 지정한다면 **IN**을 사용하면 된다.

     ```sql
     열 명(칼럼) IN(집합)
     ```

   - IN의 오른쪽에 집합을 지정하고, 왼쪽에 지정된 값과 같은 값이 집합 안에 존재하면 참을 반환한다. 집합은 상수 리스트를 괄호로 묶어 기술한다.

     ```sql
     # IN을 사용해 조건식 기술
     SELECT * FROM sample551 WHERE no IN (3, 5);
     ```

   - 그리고 집합 부분은 서브쿼리로도 지정할 수 있다.

     ```sql
     # IN의 오른쪽을 서브쿼리로 지정하기
     SELECT * FROM sample551 WHERE no IN (SELECT no2 FROM sample552);
     ```

   - 이런 경우 서브쿼리는 스칼라 서브쿼리가 될 필요는 없다. IN에는 집합을 지정할 수 있기 때문에 여러 행으로 이루어진 서브쿼리도 가능하다.
   - 하지만 여러 열을 반환하는 서브쿼리에는 IN을 사용할 수 없다. 그 이유는 IN의 왼쪽에는 하나의 열만 지정되어 있기 때문이다.
   - **NOT IN**을 사용하면 집합에 값이 포함되어 있지 않을 경우 참이 된다.
